RANKING	FITNESS	ACTIVE_SITE	TEMPLATE_PDB	TEMPLATE	TEMPLATE_EC	TEMPLATE_UNIPROT	TEMPLATE_RESOLUTION

1	0	0.337	CYS 326 B;CYS 326 A;CYS 331 B;CYS 331 A	1AT1	CYS 114 D;CYS 109 D;CYS 141 D;CYS 138 D	2.1.3.2	P0A7F3	2.80	4
1	1	0.385	CYS 326 A;CYS 326 B;CYS 331 A;CYS 331 B	1AT1	CYS 114 D;CYS 109 D;CYS 141 D;CYS 138 D	2.1.3.2	P0A7F3	2.80	4
1	0	0.505	CYS 331 A;CYS 326 A;CYS 331 B;CYS 326 B	1XA8	CYS 101 A;CYS 33 A;CYS 104 A;CYS 35 A	4.4.-.-	Q51669	2.40	4
1	0	0.512	CYS 331 A;CYS 326 A;CYS 331 B;CYS 326 B	2A5H	CYS 377 D;CYS 268 C;CYS 380 D;CYS 375 D	5.4.3.2	NULL	2.10	4
1	1	0.545	CYS 331 B;CYS 326 B;CYS 331 A;CYS 326 A	2A5H	CYS 377 D;CYS 268 C;CYS 380 D;CYS 375 D	5.4.3.2	NULL	2.10	4
1	1	0.547	CYS 326 B;CYS 331 B;CYS 331 A;CYS 326 A	1XA8	CYS 101 A;CYS 33 A;CYS 104 A;CYS 35 A	4.4.-.-	Q51669	2.40	4
1	0	0.56	CYS 331 B;CYS 326 A;CYS 331 A;CYS 326 B	1XA8	CYS 101 B;CYS 35 B;CYS 104 B;CYS 33 B	4.4.-.-	Q51669	2.40	4
1	1	0.595	CYS 326 B;CYS 326 A;CYS 331 A;CYS 331 B	1XA8	CYS 101 B;CYS 35 B;CYS 104 B;CYS 33 B	4.4.-.-	Q51669	2.40	4
1	0	0.601	CYS 331 B;CYS 331 A;CYS 326 B;CYS 326 A	1PEG	CYS 308 B;CYS 313 B;CYS 306 B;CYS 244 B	2.1.1.43	P02303	2.59	4
1	0	0.628	CYS 331 A;CYS 326 B;CYS 331 B;CYS 326 A	1QLH	CYS 111 A;CYS 103 A;CYS 97 A;CYS 100 A	1.1.1.1	P00327	2.07	4
1	0	0.629	CYS 326 B;CYS 331 B;CYS 331 A;CYS 326 A	2A5H	CYS 375 B;CYS 380 B;CYS 268 A;CYS 377 B	5.4.3.2	NULL	2.10	4
1	0	0.629	CYS 331 A;CYS 331 B;CYS 326 B;CYS 326 A	2A5H	CYS 268 B;CYS 380 A;CYS 375 A;CYS 377 A	5.4.3.2	NULL	2.10	4
1	1	0.636	CYS 326 B;CYS 331 A;CYS 326 A;CYS 331 B	2A5H	CYS 268 B;CYS 380 A;CYS 375 A;CYS 377 A	5.4.3.2	NULL	2.10	4
1	0	0.64	CYS 326 A;CYS 326 B;CYS 331 A;CYS 331 B	1PEG	CYS 306 A;CYS 244 A;CYS 313 A;CYS 308 A	2.1.1.43	P02303	2.59	4
1	1	0.641	CYS 326 A;CYS 331 A;CYS 331 B;CYS 326 B	2A5H	CYS 375 B;CYS 380 B;CYS 268 A;CYS 377 B	5.4.3.2	NULL	2.10	4
1	1	0.641	CYS 331 A;CYS 331 B;CYS 326 B;CYS 326 A	1QLH	CYS 111 A;CYS 103 A;CYS 97 A;CYS 100 A	1.1.1.1	P00327	2.07	4
1	2	0.648	CYS 326 A;CYS 326 B;CYS 331 B;CYS 331 A	1XA8	CYS 101 B;CYS 35 B;CYS 104 B;CYS 33 B	4.4.-.-	Q51669	2.40	4
1	2	0.649	CYS 331 B;CYS 331 A;CYS 326 A;CYS 326 B	2A5H	CYS 268 B;CYS 380 A;CYS 375 A;CYS 377 A	5.4.3.2	NULL	2.10	4
1	0	0.65	CYS 326 A;CYS 331 B;CYS 331 A;CYS 326 B	4XB6	CYS 266 H;CYS 244 H;CYS 241 H;CYS 272 H	4.7.1.1	P16688	1.70	4
1	0	0.651	CYS 331 A;CYS 326 A;CYS 331 B;CYS 326 B	2A5H	CYS 377 C;CYS 268 D;CYS 380 C;CYS 375 C	5.4.3.2	NULL	2.10	4
1	0	0.654	CYS 331 A;CYS 326 B;CYS 331 B;CYS 326 A	1EN7	CYS 61 B;CYS 58 B;CYS 26 B;CYS 23 B	3.1.22.4	P13340	2.40	4
1	2	0.67	CYS 331 A;CYS 326 A;CYS 331 B;CYS 326 B	1AT1	CYS 114 D;CYS 109 D;CYS 141 D;CYS 138 D	2.1.3.2	P0A7F3	2.80	4
1	3	0.679	CYS 331 A;CYS 326 B;CYS 331 B;CYS 326 A	2A5H	CYS 268 B;CYS 380 A;CYS 375 A;CYS 377 A	5.4.3.2	NULL	2.10	4
1	4	0.68	CYS 326 A;CYS 331 B;CYS 326 B;CYS 331 A	2A5H	CYS 268 B;CYS 380 A;CYS 375 A;CYS 377 A	5.4.3.2	NULL	2.10	4
1	0	0.681	CYS 331 B;CYS 326 B;CYS 331 A;CYS 326 A	1AT1	CYS 114 B;CYS 109 B;CYS 141 B;CYS 138 B	2.1.3.2	P0A7F3	2.80	4
1	0	0.685	CYS 331 B;CYS 326 B;CYS 326 A;CYS 331 A	4XB6	CYS 244 D;CYS 272 D;CYS 266 D;CYS 241 D	4.7.1.1	P16688	1.70	4
1	3	0.691	CYS 331 A;CYS 326 B;CYS 331 B;CYS 326 A	1XA8	CYS 101 B;CYS 35 B;CYS 104 B;CYS 33 B	4.4.-.-	Q51669	2.40	4
1	1	0.692	CYS 326 B;CYS 326 A;CYS 331 A;CYS 331 B	4XB6	CYS 244 D;CYS 272 D;CYS 266 D;CYS 241 D	4.7.1.1	P16688	1.70	4
1	2	0.693	CYS 331 A;CYS 326 A;CYS 326 B;CYS 331 B	2A5H	CYS 377 D;CYS 268 C;CYS 380 D;CYS 375 D	5.4.3.2	NULL	2.10	4
1	0	0.694	CYS 331 B;CYS 326 A;CYS 326 B;CYS 331 A	1EN7	CYS 61 A;CYS 58 A;CYS 23 A;CYS 26 A	3.1.22.4	P13340	2.40	4
1	2	0.698	CYS 326 A;CYS 331 A;CYS 331 B;CYS 326 B	1XA8	CYS 101 A;CYS 33 A;CYS 104 A;CYS 35 A	4.4.-.-	Q51669	2.40	4
1	0	0.7	CYS 331 B;CYS 326 B;CYS 331 A;CYS 326 A	1K82	CYS 266 C;CYS 246 C;CYS 263 C;CYS 243 C	3.2.2.23	P05523	2.10	4
1	1	0.701	CYS 331 A;CYS 331 B;CYS 326 A;CYS 326 B	1PEG	CYS 308 B;CYS 313 B;CYS 306 B;CYS 244 B	2.1.1.43	P02303	2.59	4
1	1	0.709	CYS 326 B;CYS 331 B;CYS 326 A;CYS 331 A	2A5H	CYS 377 C;CYS 268 D;CYS 380 C;CYS 375 C	5.4.3.2	NULL	2.10	4
1	0	0.714	CYS 326 A;CYS 331 A;CYS 326 B;CYS 331 B	3NOS	CYS 99 B;CYS 99 A;CYS 94 A;CYS 94 B	1.14.13.39	P29474	2.40	4
1	1	0.716	CYS 331 A;CYS 326 B;CYS 326 A;CYS 331 B	1EN7	CYS 61 B;CYS 58 B;CYS 26 B;CYS 23 B	3.1.22.4	P13340	2.40	4
1	3	0.718	CYS 331 B;CYS 326 B;CYS 331 A;CYS 326 A	1AT1	CYS 114 D;CYS 109 D;CYS 141 D;CYS 138 D	2.1.3.2	P0A7F3	2.80	4
1	0	0.721	CYS 331 B;CYS 326 B;CYS 331 A;CYS 326 A	1SZD	CYS 170 A;CYS 173 A;CYS 143 A;CYS 146 A	3.5.1.-	P02309	1.50	4
1	1	0.726	CYS 331 A;CYS 326 A;CYS 331 B;CYS 326 B	1K82	CYS 266 C;CYS 246 C;CYS 263 C;CYS 243 C	3.2.2.23	P05523	2.10	4
1	3	0.726	CYS 326 B;CYS 331 B;CYS 331 A;CYS 326 A	2A5H	CYS 377 D;CYS 268 C;CYS 380 D;CYS 375 D	5.4.3.2	NULL	2.10	4
1	4	0.732	CYS 331 B;CYS 326 B;CYS 326 A;CYS 331 A	2A5H	CYS 377 D;CYS 268 C;CYS 380 D;CYS 375 D	5.4.3.2	NULL	2.10	4
1	1	0.733	CYS 331 B;CYS 326 A;CYS 331 A;CYS 326 B	4XB6	CYS 266 H;CYS 244 H;CYS 241 H;CYS 272 H	4.7.1.1	P16688	1.70	4
1	2	0.733	CYS 326 A;CYS 331 A;CYS 326 B;CYS 331 B	2A5H	CYS 375 B;CYS 380 B;CYS 268 A;CYS 377 B	5.4.3.2	NULL	2.10	4
1	1	0.736	CYS 331 A;CYS 326 A;CYS 331 B;CYS 326 B	1SZD	CYS 170 A;CYS 173 A;CYS 143 A;CYS 146 A	3.5.1.-	P02309	1.50	4
1	2	0.737	CYS 331 A;CYS 326 A;CYS 326 B;CYS 331 B	4XB6	CYS 244 D;CYS 272 D;CYS 266 D;CYS 241 D	4.7.1.1	P16688	1.70	4
1	1	0.74	CYS 326 A;CYS 331 B;CYS 326 B;CYS 331 A	1EN7	CYS 61 A;CYS 58 A;CYS 23 A;CYS 26 A	3.1.22.4	P13340	2.40	4
1	2	0.742	CYS 326 A;CYS 331 A;CYS 326 B;CYS 331 B	1K82	CYS 266 C;CYS 246 C;CYS 263 C;CYS 243 C	3.2.2.23	P05523	2.10	4
1	2	0.746	CYS 326 B;CYS 331 A;CYS 331 B;CYS 326 A	1PEG	CYS 308 B;CYS 313 B;CYS 306 B;CYS 244 B	2.1.1.43	P02303	2.59	4
1	0	0.748	CYS 326 A;CYS 331 A;CYS 326 B;CYS 331 B	1K82	CYS 266 B;CYS 246 B;CYS 243 B;CYS 263 B	3.2.2.23	P05523	2.10	4
1	2	0.75	CYS 326 A;CYS 331 A;CYS 331 B;CYS 326 B	2A5H	CYS 377 C;CYS 268 D;CYS 380 C;CYS 375 C	5.4.3.2	NULL	2.10	4
1	1	0.753	CYS 326 A;CYS 331 A;CYS 331 B;CYS 326 B	1K82	CYS 266 B;CYS 246 B;CYS 243 B;CYS 263 B	3.2.2.23	P05523	2.10	4
1	3	0.753	CYS 326 A;CYS 326 B;CYS 331 A;CYS 331 B	2A5H	CYS 377 C;CYS 268 D;CYS 380 C;CYS 375 C	5.4.3.2	NULL	2.10	4
1	2	0.755	CYS 326 B;CYS 331 A;CYS 331 B;CYS 326 A	1EN7	CYS 61 B;CYS 58 B;CYS 26 B;CYS 23 B	3.1.22.4	P13340	2.40	4
1	3	0.756	CYS 331 B;CYS 326 B;CYS 331 A;CYS 326 A	2A5H	CYS 375 B;CYS 380 B;CYS 268 A;CYS 377 B	5.4.3.2	NULL	2.10	4
1	0	0.758	CYS 326 B;CYS 331 A;CYS 331 B;CYS 326 A	1K82	CYS 243 A;CYS 246 A;CYS 263 A;CYS 266 A	3.2.2.23	P05523	2.10	4
1	3	0.758	CYS 326 B;CYS 331 B;CYS 331 A;CYS 326 A	1K82	CYS 266 C;CYS 246 C;CYS 263 C;CYS 243 C	3.2.2.23	P05523	2.10	4
1	1	0.763	CYS 326 B;CYS 331 A;CYS 326 A;CYS 331 B	3NOS	CYS 99 B;CYS 99 A;CYS 94 A;CYS 94 B	1.14.13.39	P29474	2.40	4
1	5	0.763	CYS 331 B;CYS 326 A;CYS 331 A;CYS 326 B	2A5H	CYS 268 B;CYS 380 A;CYS 375 A;CYS 377 A	5.4.3.2	NULL	2.10	4
1	5	0.765	CYS 326 A;CYS 331 A;CYS 331 B;CYS 326 B	2A5H	CYS 377 D;CYS 268 C;CYS 380 D;CYS 375 D	5.4.3.2	NULL	2.10	4
1	2	0.766	CYS 326 B;CYS 331 B;CYS 331 A;CYS 326 A	1K82	CYS 266 B;CYS 246 B;CYS 243 B;CYS 263 B	3.2.2.23	P05523	2.10	4
1	2	0.766	CYS 331 B;CYS 326 A;CYS 331 A;CYS 326 B	1EN7	CYS 61 A;CYS 58 A;CYS 23 A;CYS 26 A	3.1.22.4	P13340	2.40	4
1	4	0.769	CYS 326 B;CYS 331 B;CYS 326 A;CYS 331 A	1K82	CYS 266 C;CYS 246 C;CYS 263 C;CYS 243 C	3.2.2.23	P05523	2.10	4
1	1	0.77	CYS 326 B;CYS 326 A;CYS 331 B;CYS 331 A	1PEG	CYS 306 A;CYS 244 A;CYS 313 A;CYS 308 A	2.1.1.43	P02303	2.59	4
1	0	0.772	CYS 331 A;CYS 331 B;CYS 326 B;CYS 326 A	1XA8	CYS 35 C;CYS 104 C;CYS 33 C;CYS 101 C	4.4.-.-	Q51669	2.40	4
1	2	0.776	CYS 326 B;CYS 331 A;CYS 331 B;CYS 326 A	3NOS	CYS 99 B;CYS 99 A;CYS 94 A;CYS 94 B	1.14.13.39	P29474	2.40	4
1	2	0.778	CYS 331 B;CYS 326 A;CYS 331 A;CYS 326 B	1QLH	CYS 111 A;CYS 103 A;CYS 97 A;CYS 100 A	1.1.1.1	P00327	2.07	4
1	2	0.78	CYS 326 B;CYS 331 A;CYS 331 B;CYS 326 A	4XB6	CYS 266 H;CYS 244 H;CYS 241 H;CYS 272 H	4.7.1.1	P16688	1.70	4
1	3	0.781	CYS 331 B;CYS 326 B;CYS 326 A;CYS 331 A	1K82	CYS 266 B;CYS 246 B;CYS 243 B;CYS 263 B	3.2.2.23	P05523	2.10	4
1	2	0.789	CYS 326 A;CYS 331 A;CYS 331 B;CYS 326 B	1PEG	CYS 306 A;CYS 244 A;CYS 313 A;CYS 308 A	2.1.1.43	P02303	2.59	4
1	1	0.79	CYS 326 A;CYS 326 B;CYS 331 A;CYS 331 B	1AT1	CYS 114 B;CYS 109 B;CYS 141 B;CYS 138 B	2.1.3.2	P0A7F3	2.80	4
1	3	0.792	CYS 331 B;CYS 331 A;CYS 326 A;CYS 326 B	1QLH	CYS 111 A;CYS 103 A;CYS 97 A;CYS 100 A	1.1.1.1	P00327	2.07	4
1	4	0.794	CYS 331 A;CYS 326 A;CYS 326 B;CYS 331 B	1K82	CYS 266 B;CYS 246 B;CYS 243 B;CYS 263 B	3.2.2.23	P05523	2.10	4
1	2	0.797	CYS 331 A;CYS 326 A;CYS 331 B;CYS 326 B	1AT1	CYS 114 B;CYS 109 B;CYS 141 B;CYS 138 B	2.1.3.2	P0A7F3	2.80	4
1	6	0.804	CYS 326 A;CYS 326 B;CYS 331 B;CYS 331 A	2A5H	CYS 268 B;CYS 380 A;CYS 375 A;CYS 377 A	5.4.3.2	NULL	2.10	4
1	3	0.805	CYS 331 B;CYS 326 B;CYS 331 A;CYS 326 A	1PEG	CYS 308 B;CYS 313 B;CYS 306 B;CYS 244 B	2.1.1.43	P02303	2.59	4
1	7	0.811	CYS 326 B;CYS 331 A;CYS 331 B;CYS 326 A	2A5H	CYS 268 B;CYS 380 A;CYS 375 A;CYS 377 A	5.4.3.2	NULL	2.10	4
1	0	0.814	CYS 331 B;CYS 331 A;CYS 326 A;CYS 326 B	1K82	CYS 246 D;CYS 243 D;CYS 263 D;CYS 266 D	3.2.2.23	P05523	2.10	4
1	4	0.814	CYS 331 B;CYS 331 A;CYS 326 A;CYS 326 B	1PEG	CYS 308 B;CYS 313 B;CYS 306 B;CYS 244 B	2.1.1.43	P02303	2.59	4
1	1	0.819	CYS 331 B;CYS 326 B;CYS 331 A;CYS 326 A	1XA8	CYS 35 C;CYS 104 C;CYS 33 C;CYS 101 C	4.4.-.-	Q51669	2.40	4
1	3	0.819	CYS 326 A;CYS 331 B;CYS 326 B;CYS 331 A	1EN7	CYS 61 B;CYS 58 B;CYS 26 B;CYS 23 B	3.1.22.4	P13340	2.40	4
1	0	0.82	CYS 331 A;CYS 326 B;CYS 326 A;CYS 331 B	1XA8	CYS 33 D;CYS 104 D;CYS 101 D;CYS 35 D	4.4.-.-	Q51669	2.40	4
1	3	0.82	CYS 326 A;CYS 326 B;CYS 331 B;CYS 331 A	1PEG	CYS 306 A;CYS 244 A;CYS 313 A;CYS 308 A	2.1.1.43	P02303	2.59	4
1	4	0.832	CYS 331 B;CYS 326 B;CYS 331 A;CYS 326 A	1PEG	CYS 306 A;CYS 244 A;CYS 313 A;CYS 308 A	2.1.1.43	P02303	2.59	4
1	4	0.833	CYS 326 B;CYS 326 A;CYS 331 B;CYS 331 A	2A5H	CYS 377 C;CYS 268 D;CYS 380 C;CYS 375 C	5.4.3.2	NULL	2.10	4
1	3	0.836	CYS 326 B;CYS 331 B;CYS 326 A;CYS 331 A	3NOS	CYS 99 B;CYS 99 A;CYS 94 A;CYS 94 B	1.14.13.39	P29474	2.40	4
1	2	0.839	CYS 331 A;CYS 326 A;CYS 331 B;CYS 326 B	1XA8	CYS 35 C;CYS 104 C;CYS 33 C;CYS 101 C	4.4.-.-	Q51669	2.40	4
1	1	0.84	CYS 331 A;CYS 326 B;CYS 331 B;CYS 326 A	1K82	CYS 246 D;CYS 243 D;CYS 263 D;CYS 266 D	3.2.2.23	P05523	2.10	4
1	3	0.841	CYS 326 B;CYS 331 B;CYS 331 A;CYS 326 A	1XA8	CYS 35 C;CYS 104 C;CYS 33 C;CYS 101 C	4.4.-.-	Q51669	2.40	4
1	4	0.843	CYS 326 B;CYS 331 B;CYS 326 A;CYS 331 A	2A5H	CYS 375 B;CYS 380 B;CYS 268 A;CYS 377 B	5.4.3.2	NULL	2.10	4
1	5	0.844	CYS 331 B;CYS 331 A;CYS 326 A;CYS 326 B	1K82	CYS 266 B;CYS 246 B;CYS 243 B;CYS 263 B	3.2.2.23	P05523	2.10	4
1	6	0.857	CYS 331 A;CYS 331 B;CYS 326 B;CYS 326 A	1K82	CYS 266 B;CYS 246 B;CYS 243 B;CYS 263 B	3.2.2.23	P05523	2.10	4
1	5	0.859	CYS 326 A;CYS 331 A;CYS 326 B;CYS 331 B	1PEG	CYS 306 A;CYS 244 A;CYS 313 A;CYS 308 A	2.1.1.43	P02303	2.59	4
1	6	0.861	CYS 326 B;CYS 326 A;CYS 331 B;CYS 331 A	2A5H	CYS 377 D;CYS 268 C;CYS 380 D;CYS 375 D	5.4.3.2	NULL	2.10	4
1	5	0.862	CYS 326 A;CYS 331 A;CYS 331 B;CYS 326 B	1PEG	CYS 308 B;CYS 313 B;CYS 306 B;CYS 244 B	2.1.1.43	P02303	2.59	4
1	0	0.864	CYS 326 B;CYS 331 A;CYS 326 A;CYS 331 B	1E3I	CYS 100 B;CYS 97 B;CYS 103 B;CYS 111 B	1.1.1.1	Q9QYY9	2.08	4
1	3	0.864	CYS 331 A;CYS 326 B;CYS 331 B;CYS 326 A	4XB6	CYS 266 H;CYS 244 H;CYS 241 H;CYS 272 H	4.7.1.1	P16688	1.70	4
1	1	0.865	CYS 331 B;CYS 326 A;CYS 326 B;CYS 331 A	1XA8	CYS 33 D;CYS 104 D;CYS 101 D;CYS 35 D	4.4.-.-	Q51669	2.40	4
1	3	0.865	CYS 331 B;CYS 331 A;CYS 326 B;CYS 326 A	1XA8	CYS 101 A;CYS 33 A;CYS 104 A;CYS 35 A	4.4.-.-	Q51669	2.40	4
1	4	0.867	CYS 326 A;CYS 326 B;CYS 331 A;CYS 331 B	3NOS	CYS 99 B;CYS 99 A;CYS 94 A;CYS 94 B	1.14.13.39	P29474	2.40	4
1	5	0.867	CYS 326 A;CYS 326 B;CYS 331 A;CYS 331 B	1K82	CYS 266 C;CYS 246 C;CYS 263 C;CYS 243 C	3.2.2.23	P05523	2.10	4
1	4	0.869	CYS 326 A;CYS 326 B;CYS 331 A;CYS 331 B	4XB6	CYS 266 H;CYS 244 H;CYS 241 H;CYS 272 H	4.7.1.1	P16688	1.70	4
1	4	0.87	CYS 331 A;CYS 326 A;CYS 326 B;CYS 331 B	1XA8	CYS 35 C;CYS 104 C;CYS 33 C;CYS 101 C	4.4.-.-	Q51669	2.40	4
1	3	0.873	CYS 326 B;CYS 331 B;CYS 331 A;CYS 326 A	1AT1	CYS 114 B;CYS 109 B;CYS 141 B;CYS 138 B	2.1.3.2	P0A7F3	2.80	4
1	5	0.874	CYS 331 B;CYS 331 A;CYS 326 B;CYS 326 A	2A5H	CYS 375 B;CYS 380 B;CYS 268 A;CYS 377 B	5.4.3.2	NULL	2.10	4
1	6	0.876	CYS 326 A;CYS 331 B;CYS 331 A;CYS 326 B	1PEG	CYS 308 B;CYS 313 B;CYS 306 B;CYS 244 B	2.1.1.43	P02303	2.59	4
1	0	0.877	CYS 331 B;CYS 331 A;CYS 326 A;CYS 326 B	1ZIO	CYS 150 A;CYS 130 A;CYS 133 A;CYS 153 A	2.7.4.3	P27142	1.96	4
1	2	0.88	CYS 326 B;CYS 326 A;CYS 331 A;CYS 331 B	1K82	CYS 246 D;CYS 243 D;CYS 263 D;CYS 266 D	3.2.2.23	P05523	2.10	4
1	6	0.881	CYS 331 B;CYS 331 A;CYS 326 B;CYS 326 A	1K82	CYS 266 C;CYS 246 C;CYS 263 C;CYS 243 C	3.2.2.23	P05523	2.10	4
1	1	0.882	CYS 326 A;CYS 326 B;CYS 331 A;CYS 331 B	1K82	CYS 243 A;CYS 246 A;CYS 263 A;CYS 266 A	3.2.2.23	P05523	2.10	4
1	2	0.884	CYS 326 B;CYS 326 A;CYS 331 B;CYS 331 A	1K82	CYS 243 A;CYS 246 A;CYS 263 A;CYS 266 A	3.2.2.23	P05523	2.10	4
1	3	0.884	CYS 331 B;CYS 331 A;CYS 326 B;CYS 326 A	1K82	CYS 243 A;CYS 246 A;CYS 263 A;CYS 266 A	3.2.2.23	P05523	2.10	4
1	4	0.885	CYS 326 A;CYS 331 A;CYS 326 B;CYS 331 B	1AT1	CYS 114 B;CYS 109 B;CYS 141 B;CYS 138 B	2.1.3.2	P0A7F3	2.80	4
1	4	0.886	CYS 331 A;CYS 331 B;CYS 326 A;CYS 326 B	1K82	CYS 243 A;CYS 246 A;CYS 263 A;CYS 266 A	3.2.2.23	P05523	2.10	4
1	5	0.888	CYS 331 B;CYS 331 A;CYS 326 B;CYS 326 A	3NOS	CYS 99 B;CYS 99 A;CYS 94 A;CYS 94 B	1.14.13.39	P29474	2.40	4
1	5	0.891	CYS 331 A;CYS 331 B;CYS 326 A;CYS 326 B	2A5H	CYS 377 C;CYS 268 D;CYS 380 C;CYS 375 C	5.4.3.2	NULL	2.10	4
1	3	0.892	CYS 326 A;CYS 331 A;CYS 331 B;CYS 326 B	1K82	CYS 246 D;CYS 243 D;CYS 263 D;CYS 266 D	3.2.2.23	P05523	2.10	4
1	4	0.892	CYS 326 B;CYS 331 A;CYS 326 A;CYS 331 B	1QLH	CYS 111 A;CYS 103 A;CYS 97 A;CYS 100 A	1.1.1.1	P00327	2.07	4
1	3	0.894	CYS 326 A;CYS 331 B;CYS 326 B;CYS 331 A	4XB6	CYS 244 D;CYS 272 D;CYS 266 D;CYS 241 D	4.7.1.1	P16688	1.70	4
1	7	0.894	CYS 326 A;CYS 326 B;CYS 331 A;CYS 331 B	2A5H	CYS 377 D;CYS 268 C;CYS 380 D;CYS 375 D	5.4.3.2	NULL	2.10	4
1	7	0.894	CYS 326 B;CYS 326 A;CYS 331 B;CYS 331 A	1K82	CYS 266 C;CYS 246 C;CYS 263 C;CYS 243 C	3.2.2.23	P05523	2.10	4
1	1	0.896	CYS 331 A;CYS 331 B;CYS 326 B;CYS 326 A	1ZIO	CYS 150 A;CYS 130 A;CYS 133 A;CYS 153 A	2.7.4.3	P27142	1.96	4
1	6	0.9	CYS 331 B;CYS 326 B;CYS 326 A;CYS 331 A	2A5H	CYS 377 C;CYS 268 D;CYS 380 C;CYS 375 C	5.4.3.2	NULL	2.10	4
1	1	0.902	CYS 331 B;CYS 326 A;CYS 331 A;CYS 326 B	1E3I	CYS 100 B;CYS 97 B;CYS 103 B;CYS 111 B	1.1.1.1	Q9QYY9	2.08	4
1	5	0.902	CYS 331 B;CYS 331 A;CYS 326 A;CYS 326 B	1XA8	CYS 35 C;CYS 104 C;CYS 33 C;CYS 101 C	4.4.-.-	Q51669	2.40	4
1	7	0.902	CYS 331 A;CYS 326 B;CYS 331 B;CYS 326 A	1PEG	CYS 308 B;CYS 313 B;CYS 306 B;CYS 244 B	2.1.1.43	P02303	2.59	4
1	6	0.907	CYS 331 A;CYS 326 A;CYS 331 B;CYS 326 B	2A5H	CYS 375 B;CYS 380 B;CYS 268 A;CYS 377 B	5.4.3.2	NULL	2.10	4
1	8	0.908	CYS 331 A;CYS 331 B;CYS 326 A;CYS 326 B	1K82	CYS 266 C;CYS 246 C;CYS 263 C;CYS 243 C	3.2.2.23	P05523	2.10	4
1	3	0.911	CYS 331 A;CYS 331 B;CYS 326 B;CYS 326 A	1EN7	CYS 61 A;CYS 58 A;CYS 23 A;CYS 26 A	3.1.22.4	P13340	2.40	4
1	4	0.917	CYS 326 B;CYS 326 A;CYS 331 A;CYS 331 B	1EN7	CYS 61 A;CYS 58 A;CYS 23 A;CYS 26 A	3.1.22.4	P13340	2.40	4
1	4	0.917	CYS 326 B;CYS 331 A;CYS 326 A;CYS 331 B	4XB6	CYS 244 D;CYS 272 D;CYS 266 D;CYS 241 D	4.7.1.1	P16688	1.70	4
1	9	0.918	CYS 331 B;CYS 326 B;CYS 326 A;CYS 331 A	1K82	CYS 266 C;CYS 246 C;CYS 263 C;CYS 243 C	3.2.2.23	P05523	2.10	4
1	5	0.921	CYS 326 B;CYS 326 A;CYS 331 B;CYS 331 A	1AT1	CYS 114 B;CYS 109 B;CYS 141 B;CYS 138 B	2.1.3.2	P0A7F3	2.80	4
1	5	0.921	CYS 331 B;CYS 331 A;CYS 326 A;CYS 326 B	4XB6	CYS 244 D;CYS 272 D;CYS 266 D;CYS 241 D	4.7.1.1	P16688	1.70	4
1	2	0.924	CYS 326 B;CYS 326 A;CYS 331 A;CYS 331 B	1E3I	CYS 100 B;CYS 97 B;CYS 103 B;CYS 111 B	1.1.1.1	Q9QYY9	2.08	4
1	5	0.925	CYS 326 B;CYS 326 A;CYS 331 B;CYS 331 A	4XB6	CYS 266 H;CYS 244 H;CYS 241 H;CYS 272 H	4.7.1.1	P16688	1.70	4
1	4	0.926	CYS 331 B;CYS 326 A;CYS 326 B;CYS 331 A	1XA8	CYS 101 B;CYS 35 B;CYS 104 B;CYS 33 B	4.4.-.-	Q51669	2.40	4
1	3	0.927	CYS 331 A;CYS 331 B;CYS 326 B;CYS 326 A	1E3I	CYS 100 B;CYS 97 B;CYS 103 B;CYS 111 B	1.1.1.1	Q9QYY9	2.08	4
1	5	0.935	CYS 326 A;CYS 331 A;CYS 331 B;CYS 326 B	1K82	CYS 243 A;CYS 246 A;CYS 263 A;CYS 266 A	3.2.2.23	P05523	2.10	4
1	5	0.936	CYS 326 A;CYS 331 B;CYS 326 B;CYS 331 A	1XA8	CYS 101 B;CYS 35 B;CYS 104 B;CYS 33 B	4.4.-.-	Q51669	2.40	4
1	6	0.938	CYS 331 B;CYS 326 B;CYS 331 A;CYS 326 A	1K82	CYS 243 A;CYS 246 A;CYS 263 A;CYS 266 A	3.2.2.23	P05523	2.10	4
1	7	0.94	CYS 331 A;CYS 326 A;CYS 331 B;CYS 326 B	1K82	CYS 243 A;CYS 246 A;CYS 263 A;CYS 266 A	3.2.2.23	P05523	2.10	4
1	4	0.946	CYS 331 B;CYS 326 B;CYS 326 A;CYS 331 A	1K82	CYS 246 D;CYS 243 D;CYS 263 D;CYS 266 D	3.2.2.23	P05523	2.10	4
1	8	0.946	CYS 331 A;CYS 331 B;CYS 326 A;CYS 326 B	2A5H	CYS 377 D;CYS 268 C;CYS 380 D;CYS 375 D	5.4.3.2	NULL	2.10	4
1	8	0.948	CYS 326 A;CYS 331 A;CYS 331 B;CYS 326 B	2A5H	CYS 268 B;CYS 380 A;CYS 375 A;CYS 377 A	5.4.3.2	NULL	2.10	4
1	6	0.95	CYS 331 B;CYS 326 A;CYS 331 A;CYS 326 B	4XB6	CYS 244 D;CYS 272 D;CYS 266 D;CYS 241 D	4.7.1.1	P16688	1.70	4
1	6	0.959	CYS 326 A;CYS 331 A;CYS 331 B;CYS 326 B	3NOS	CYS 99 B;CYS 99 A;CYS 94 A;CYS 94 B	1.14.13.39	P29474	2.40	4
1	7	0.959	CYS 331 B;CYS 326 B;CYS 331 A;CYS 326 A	1K82	CYS 266 B;CYS 246 B;CYS 243 B;CYS 263 B	3.2.2.23	P05523	2.10	4
1	5	0.965	CYS 326 A;CYS 331 B;CYS 331 A;CYS 326 B	1EN7	CYS 61 A;CYS 58 A;CYS 23 A;CYS 26 A	3.1.22.4	P13340	2.40	4
1	8	0.965	CYS 326 A;CYS 326 B;CYS 331 B;CYS 331 A	1K82	CYS 266 B;CYS 246 B;CYS 243 B;CYS 263 B	3.2.2.23	P05523	2.10	4
1	7	0.975	CYS 331 B;CYS 331 A;CYS 326 A;CYS 326 B	2A5H	CYS 375 B;CYS 380 B;CYS 268 A;CYS 377 B	5.4.3.2	NULL	2.10	4
1	6	0.976	CYS 331 B;CYS 331 A;CYS 326 B;CYS 326 A	1AT1	CYS 114 B;CYS 109 B;CYS 141 B;CYS 138 B	2.1.3.2	P0A7F3	2.80	4
1	0	0.977	CYS 331 B;CYS 326 B;CYS 326 A;CYS 331 A	1V54	CYS 62 S;CYS 60 S;CYS 85 S;CYS 82 S	1.9.3.1	P10175	1.80	4
1	8	0.977	CYS 331 A;CYS 326 B;CYS 331 B;CYS 326 A	1K82	CYS 243 A;CYS 246 A;CYS 263 A;CYS 266 A	3.2.2.23	P05523	2.10	4
1	9	0.979	CYS 326 B;CYS 326 A;CYS 331 A;CYS 331 B	1K82	CYS 266 B;CYS 246 B;CYS 243 B;CYS 263 B	3.2.2.23	P05523	2.10	4
1	4	0.98	CYS 331 B;CYS 331 A;CYS 326 B;CYS 326 A	1EN7	CYS 61 B;CYS 58 B;CYS 26 B;CYS 23 B	3.1.22.4	P13340	2.40	4
1	6	0.98	CYS 331 B;CYS 326 B;CYS 326 A;CYS 331 A	1XA8	CYS 35 C;CYS 104 C;CYS 33 C;CYS 101 C	4.4.-.-	Q51669	2.40	4
1	0	0.981	CYS 326 A;CYS 326 B;CYS 331 B;CYS 331 A	1E3I	CYS 97 A;CYS 100 A;CYS 111 A;CYS 103 A	1.1.1.1	Q9QYY9	2.08	4
1	5	0.982	CYS 331 A;CYS 331 B;CYS 326 B;CYS 326 A	1EN7	CYS 61 B;CYS 58 B;CYS 26 B;CYS 23 B	3.1.22.4	P13340	2.40	4
1	0	0.984	CYS 331 B;CYS 331 A;CYS 326 A;CYS 326 B	1ADN	CYS 42 A;CYS 38 A;CYS 72 A;CYS 69 A	NULL	P06134	NOT	4
1	6	0.984	CYS 326 A;CYS 326 B;CYS 331 B;CYS 331 A	4XB6	CYS 266 H;CYS 244 H;CYS 241 H;CYS 272 H	4.7.1.1	P16688	1.70	4
1	5	0.985	CYS 331 B;CYS 326 B;CYS 331 A;CYS 326 A	1K82	CYS 246 D;CYS 243 D;CYS 263 D;CYS 266 D	3.2.2.23	P05523	2.10	4
1	6	0.989	CYS 326 B;CYS 331 B;CYS 326 A;CYS 331 A	1PEG	CYS 306 A;CYS 244 A;CYS 313 A;CYS 308 A	2.1.1.43	P02303	2.59	4
1	7	0.989	CYS 326 B;CYS 326 A;CYS 331 B;CYS 331 A	3NOS	CYS 99 B;CYS 99 A;CYS 94 A;CYS 94 B	1.14.13.39	P29474	2.40	4
1	4	0.991	CYS 331 B;CYS 326 A;CYS 326 B;CYS 331 A	1AT1	CYS 114 D;CYS 109 D;CYS 141 D;CYS 138 D	2.1.3.2	P0A7F3	2.80	4
1	7	0.991	CYS 326 A;CYS 331 A;CYS 331 B;CYS 326 B	1XA8	CYS 35 C;CYS 104 C;CYS 33 C;CYS 101 C	4.4.-.-	Q51669	2.40	4
1	2	0.995	CYS 331 B;CYS 326 B;CYS 326 A;CYS 331 A	1ZIO	CYS 150 A;CYS 130 A;CYS 133 A;CYS 153 A	2.7.4.3	P27142	1.96	4
1	6	0.998	CYS 326 B;CYS 331 A;CYS 326 A;CYS 331 B	1K82	CYS 246 D;CYS 243 D;CYS 263 D;CYS 266 D	3.2.2.23	P05523	2.10	4
1	5	1	CYS 326 A;CYS 326 B;CYS 331 B;CYS 331 A	1QLH	CYS 111 A;CYS 103 A;CYS 97 A;CYS 100 A	1.1.1.1	P00327	2.07	4
1	6	1	CYS 326 A;CYS 326 B;CYS 331 A;CYS 331 B	1EN7	CYS 61 B;CYS 58 B;CYS 26 B;CYS 23 B	3.1.22.4	P13340	2.40	4
1	7	1	CYS 326 A;CYS 326 B;CYS 331 B;CYS 331 A	1EN7	CYS 61 B;CYS 58 B;CYS 26 B;CYS 23 B	3.1.22.4	P13340	2.40	4
1	7	1	CYS 331 B;CYS 326 A;CYS 326 B;CYS 331 A	4XB6	CYS 266 H;CYS 244 H;CYS 241 H;CYS 272 H	4.7.1.1	P16688	1.70	4
1	8	1	CYS 331 A;CYS 331 B;CYS 326 A;CYS 326 B	2A5H	CYS 375 B;CYS 380 B;CYS 268 A;CYS 377 B	5.4.3.2	NULL	2.10	4
1	9	1	CYS 326 A;CYS 331 A;CYS 326 B;CYS 331 B	1K82	CYS 243 A;CYS 246 A;CYS 263 A;CYS 266 A	3.2.2.23	P05523	2.10	4
1	1	1.01	CYS 331 B;CYS 326 B;CYS 331 A;CYS 326 A	1V54	CYS 62 S;CYS 60 S;CYS 85 S;CYS 82 S	1.9.3.1	P10175	1.80	4
1	10	1.01	CYS 326 B;CYS 331 B;CYS 326 A;CYS 331 A	1K82	CYS 243 A;CYS 246 A;CYS 263 A;CYS 266 A	3.2.2.23	P05523	2.10	4
1	3	1.01	CYS 331 A;CYS 326 A;CYS 326 B;CYS 331 B	1ZIO	CYS 150 A;CYS 130 A;CYS 133 A;CYS 153 A	2.7.4.3	P27142	1.96	4
1	7	1.01	CYS 326 A;CYS 331 A;CYS 331 B;CYS 326 B	4XB6	CYS 244 D;CYS 272 D;CYS 266 D;CYS 241 D	4.7.1.1	P16688	1.70	4
1	8	1.01	CYS 331 A;CYS 331 B;CYS 326 A;CYS 326 B	3NOS	CYS 99 B;CYS 99 A;CYS 94 A;CYS 94 B	1.14.13.39	P29474	2.40	4
1	10	1.02	CYS 331 B;CYS 331 A;CYS 326 B;CYS 326 A	1K82	CYS 266 B;CYS 246 B;CYS 243 B;CYS 263 B	3.2.2.23	P05523	2.10	4
1	11	1.02	CYS 326 B;CYS 331 A;CYS 326 A;CYS 331 B	1K82	CYS 266 B;CYS 246 B;CYS 243 B;CYS 263 B	3.2.2.23	P05523	2.10	4
1	4	1.02	CYS 331 A;CYS 331 B;CYS 326 A;CYS 326 B	1XA8	CYS 101 A;CYS 33 A;CYS 104 A;CYS 35 A	4.4.-.-	Q51669	2.40	4
1	5	1.02	CYS 326 A;CYS 331 A;CYS 326 B;CYS 331 B	1XA8	CYS 101 A;CYS 33 A;CYS 104 A;CYS 35 A	4.4.-.-	Q51669	2.40	4
1	6	1.02	CYS 331 A;CYS 326 A;CYS 326 B;CYS 331 B	1EN7	CYS 61 A;CYS 58 A;CYS 23 A;CYS 26 A	3.1.22.4	P13340	2.40	4
1	1	1.03	CYS 331 B;CYS 326 A;CYS 331 A;CYS 326 B	1E3I	CYS 97 A;CYS 100 A;CYS 111 A;CYS 103 A	1.1.1.1	Q9QYY9	2.08	4
1	2	1.03	CYS 326 B;CYS 331 B;CYS 326 A;CYS 331 A	1V54	CYS 62 S;CYS 60 S;CYS 85 S;CYS 82 S	1.9.3.1	P10175	1.80	4
1	7	1.03	CYS 326 A;CYS 331 B;CYS 331 A;CYS 326 B	1PEG	CYS 306 A;CYS 244 A;CYS 313 A;CYS 308 A	2.1.1.43	P02303	2.59	4
1	7	1.03	CYS 326 B;CYS 331 B;CYS 326 A;CYS 331 A	1AT1	CYS 114 B;CYS 109 B;CYS 141 B;CYS 138 B	2.1.3.2	P0A7F3	2.80	4
1	8	1.03	CYS 326 B;CYS 331 B;CYS 326 A;CYS 331 A	4XB6	CYS 244 D;CYS 272 D;CYS 266 D;CYS 241 D	4.7.1.1	P16688	1.70	4
1	8	1.03	CYS 331 B;CYS 326 A;CYS 331 A;CYS 326 B	1PEG	CYS 308 B;CYS 313 B;CYS 306 B;CYS 244 B	2.1.1.43	P02303	2.59	4
1	9	1.03	CYS 331 A;CYS 326 B;CYS 326 A;CYS 331 B	2A5H	CYS 268 B;CYS 380 A;CYS 375 A;CYS 377 A	5.4.3.2	NULL	2.10	4
1	9	1.03	CYS 331 A;CYS 326 B;CYS 326 A;CYS 331 B	3NOS	CYS 99 B;CYS 99 A;CYS 94 A;CYS 94 B	1.14.13.39	P29474	2.40	4
1	11	1.04	CYS 326 B;CYS 331 A;CYS 326 A;CYS 331 B	1K82	CYS 243 A;CYS 246 A;CYS 263 A;CYS 266 A	3.2.2.23	P05523	2.10	4
1	5	1.04	CYS 326 A;CYS 331 B;CYS 331 A;CYS 326 B	1AT1	CYS 114 D;CYS 109 D;CYS 141 D;CYS 138 D	2.1.3.2	P0A7F3	2.80	4
1	6	1.04	CYS 326 A;CYS 331 B;CYS 331 A;CYS 326 B	1XA8	CYS 101 B;CYS 35 B;CYS 104 B;CYS 33 B	4.4.-.-	Q51669	2.40	4
1	7	1.04	CYS 326 A;CYS 331 B;CYS 331 A;CYS 326 B	1K82	CYS 246 D;CYS 243 D;CYS 263 D;CYS 266 D	3.2.2.23	P05523	2.10	4
1	8	1.04	CYS 326 A;CYS 331 B;CYS 326 B;CYS 331 A	4XB6	CYS 266 H;CYS 244 H;CYS 241 H;CYS 272 H	4.7.1.1	P16688	1.70	4
1	12	1.05	CYS 331 B;CYS 326 A;CYS 326 B;CYS 331 A	1K82	CYS 243 A;CYS 246 A;CYS 263 A;CYS 266 A	3.2.2.23	P05523	2.10	4
1	6	1.05	CYS 331 A;CYS 331 B;CYS 326 B;CYS 326 A	1XA8	CYS 101 A;CYS 33 A;CYS 104 A;CYS 35 A	4.4.-.-	Q51669	2.40	4
1	9	1.05	CYS 326 B;CYS 326 A;CYS 331 A;CYS 331 B	2A5H	CYS 377 D;CYS 268 C;CYS 380 D;CYS 375 D	5.4.3.2	NULL	2.10	4
1	9	1.05	CYS 331 B;CYS 326 A;CYS 326 B;CYS 331 A	4XB6	CYS 244 D;CYS 272 D;CYS 266 D;CYS 241 D	4.7.1.1	P16688	1.70	4
